<configs>
	<append xpath="/items">

	<item name="GuardRabbit1">
			<property name="Extends" value="challengeQuestMaster"/>
			<property name="DescriptionKey" value="GuardRabbit1Desc"/>
			<property name="CustomIcon" value="sleeperRabbitAnimal"/>
			<property name="ItemTypeIcon" value="star"/>
			<property class="Action0">
				<property name="UseAnimation" value="false"/>
				<property name="QuestGiven" value="GuardRabbit"/>
			</property>
			<property name="Group" value="Tools/Traps"/>			
		</item>
		
	<item name="GuardWhiteRabbit1">
			<property name="Extends" value="challengeQuestMaster"/>
			<property name="DescriptionKey" value="GuardWhiteRabbit1Desc"/>
			<property name="CustomIcon" value="sleeperRabbitAnimal"/>
	        <property name="CustomIconTint" value="255, 230, 230"/>
			<property name="ItemTypeIcon" value="star"/>
			<property class="Action0">
				<property name="UseAnimation" value="false"/>
				<property name="QuestGiven" value="GuardWhiteRabbit"/>
			</property>
			<property name="Group" value="Tools/Traps"/>			
		</item>
		
<!-- Human Guards switched from Class EntitySurvivor to Class EntityTrader for A20 -->		

<item name="GuardTurretStuner1">
			<property name="Extends" value="challengeQuestMaster"/>
			<property name="DescriptionKey" value="GenericGuardDesc"/>
			<property name="CustomIcon" value="sleeperIdle"/>
			<property name="CustomIconTint" value="230, 172, 0"/>
			<property name="ItemTypeIcon" value="star"/>
			<property class="Action0">
				<property name="UseAnimation" value="false"/>
				<property name="QuestGiven" value="GuardTurretStuner"/>
			</property>
			<property name="Group" value="Tools/Traps"/>			
		</item>	
		
<item name="TurretGuardSim1">
			<property name="Extends" value="challengeQuestMaster"/>
			<property name="DescriptionKey" value="TurretGuardSim1Desc"/>
			<property name="CustomIcon" value="sleeperIdle"/>
	        <property name="CustomIconTint" value="230, 172, 0"/>
			<property name="ItemTypeIcon" value="star"/>
			<property class="Action0">
				<property name="UseAnimation" value="false"/>
				<property name="QuestGiven" value="TurretGuardSim"/>
			</property>
			<property name="Group" value="Tools/Traps"/>			
		</item>	
		
		<item name="GuardTurretDre1">
			<property name="Extends" value="challengeQuestMaster"/>
			<property name="DescriptionKey" value="GuardTurretDre1Desc"/>
			<property name="CustomIcon" value="sleeperIdle"/>
	        <property name="CustomIconTint" value="230, 172, 0"/>
			<property name="ItemTypeIcon" value="star"/>
			<property class="Action0">
				<property name="UseAnimation" value="false"/>
				<property name="QuestGiven" value="GuardTurretDre"/>
			</property>
			<property name="Group" value="Tools/Traps"/>			
		</item>	
		
		<item name="GuardTurretFox1">
			<property name="Extends" value="challengeQuestMaster"/>
			<property name="DescriptionKey" value="GuardTurretFox1Desc"/>
			<property name="CustomIcon" value="sleeperIdle"/>
	        <property name="CustomIconTint" value="230, 172, 0"/>
			<property name="ItemTypeIcon" value="star"/>
			<property class="Action0">
				<property name="UseAnimation" value="false"/>
				<property name="QuestGiven" value="GuardTurretFox"/>
			</property>
			<property name="Group" value="Tools/Traps"/>			
		</item>	
		
		<item name="GuardTurretLizzy1">
			<property name="Extends" value="challengeQuestMaster"/>
			<property name="DescriptionKey" value="GuardTurretLizzy1Desc"/>
			<property name="CustomIcon" value="sleeperIdle"/>
	        <property name="CustomIconTint" value="230, 172, 0"/>
			<property name="ItemTypeIcon" value="star"/>
			<property class="Action0">
				<property name="UseAnimation" value="false"/>
				<property name="QuestGiven" value="GuardTurretLizzy"/>
			</property>
			<property name="Group" value="Tools/Traps"/>			
		</item>	
		
		<item name="GuardTurretBandit1">
			<property name="Extends" value="challengeQuestMaster"/>
			<property name="DescriptionKey" value="GuardTurretBandit1Desc"/>
			<property name="CustomIcon" value="sleeperIdle"/>
	        <property name="CustomIconTint" value="230, 172, 0"/>
			<property name="ItemTypeIcon" value="star"/>
			<property class="Action0">
				<property name="UseAnimation" value="false"/>
				<property name="QuestGiven" value="GuardTurretBandit"/>
			</property>
			<property name="Group" value="Tools/Traps"/>			
		</item>	
		
		<item name="GuardTurretBanditFoxy1">
			<property name="Extends" value="challengeQuestMaster"/>
			<property name="DescriptionKey" value="GuardTurretBanditFoxy1Desc"/>
			<property name="CustomIcon" value="sleeperIdle"/>
	        <property name="CustomIconTint" value="230, 172, 0"/>
			<property name="ItemTypeIcon" value="star"/>
			<property class="Action0">
				<property name="UseAnimation" value="false"/>
				<property name="QuestGiven" value="GuardTurretBanditFoxy"/>
			</property>
			<property name="Group" value="Tools/Traps"/>			
		</item>	
		
		<item name="TurretGuardLeader1">
			<property name="Extends" value="challengeQuestMaster"/>
			<property name="DescriptionKey" value="TurretGuardLeader1Desc"/>
			<property name="CustomIcon" value="sleeperIdle"/>
	        <property name="CustomIconTint" value="230, 172, 0"/>
			<property name="ItemTypeIcon" value="star"/>
			<property class="Action0">
				<property name="UseAnimation" value="false"/>
				<property name="QuestGiven" value="TurretGuardLeader"/>
			</property>
			<property name="Group" value="Tools/Traps"/>			
		</item>	
		
		<item name="TurretGuardCompoundBowMan1">
			<property name="Extends" value="challengeQuestMaster"/>
			<property name="DescriptionKey" value="TurretGuardCompoundBowMan1Desc"/>
			<property name="CustomIcon" value="sleeperIdle"/>
	        <property name="CustomIconTint" value="230, 172, 0"/>
			<property name="ItemTypeIcon" value="star"/>
			<property class="Action0">
				<property name="UseAnimation" value="false"/>
				<property name="QuestGiven" value="TurretGuardCompoundBowMan"/>
			</property>
			<property name="Group" value="Tools/Traps"/>			
		</item>

		<item name="TurretGuardDarkstardragon1">
			<property name="Extends" value="challengeQuestMaster"/>
			<property name="DescriptionKey" value="TurretGuardDarkstardragon1Desc"/>
			<property name="CustomIcon" value="sleeperIdle"/>
	        <property name="CustomIconTint" value="230, 172, 0"/>
			<property name="ItemTypeIcon" value="star"/>
			<property class="Action0">
				<property name="UseAnimation" value="false"/>
				<property name="QuestGiven" value="TurretGuardDarkstardragon"/>
			</property>
			<property name="Group" value="Tools/Traps"/>			
		</item>	
		
		<item name="TurretGuardJoJo1">
			<property name="Extends" value="challengeQuestMaster"/>
			<property name="DescriptionKey" value="TurretGuardJoJo1Desc"/>
			<property name="CustomIcon" value="sleeperIdle"/>
	        <property name="CustomIconTint" value="230, 172, 0"/>
			<property name="ItemTypeIcon" value="star"/>
			<property class="Action0">
				<property name="UseAnimation" value="false"/>
				<property name="QuestGiven" value="TurretGuardJoJo"/>
			</property>
			<property name="Group" value="Tools/Traps"/>			
		</item>	
		
		<item name="TurretGuardLezabel1">
			<property name="Extends" value="challengeQuestMaster"/>
			<property name="DescriptionKey" value="TurretGuardLezabel1Desc"/>
			<property name="CustomIcon" value="sleeperIdle"/>
	        <property name="CustomIconTint" value="230, 172, 0"/>
			<property name="ItemTypeIcon" value="star"/>
			<property class="Action0">
				<property name="UseAnimation" value="false"/>
				<property name="QuestGiven" value="TurretGuardLezabel"/>
			</property>
			<property name="Group" value="Tools/Traps"/>			
		</item>

		<item name="TurretGuardOakraven1">
			<property name="Extends" value="challengeQuestMaster"/>
			<property name="DescriptionKey" value="TurretGuardOakraven1Desc"/>
			<property name="CustomIcon" value="sleeperIdle"/>
	        <property name="CustomIconTint" value="230, 172, 0"/>
			<property name="ItemTypeIcon" value="star"/>
			<property class="Action0">
				<property name="UseAnimation" value="false"/>
				<property name="QuestGiven" value="TurretGuardOakraven"/>
			</property>
			<property name="Group" value="Tools/Traps"/>			
		</item>		
		
		<item name="GuardTurretPistol">
	<property name="CreativeMode" value="None"/>
	<property name="Tags" value="weapon,ranged,9mmGun"/>
	<!--property name="TintColor" value="252,215,5"/-->
	<property name="DisplayType" value="rangedGun"/>
	<property name="Candrop" value="false"/>
	<property name="HoldType" value="44"/>
	<!--property name="Meshfile" value="#Other/Items?Weapons/Ranged/Pistol/PistolPrefab.prefab"/-->
	<property name="Meshfile" value="#@modfolder(1-WildWestMod):Resources/schofieldrevolver.unity3d?schofieldrevolver"/>
	<property name="Material" value="MHandGunParts"/> <property name="Weight" value="4"/>
	<property name="SoundJammed" value="weapon_jam"/>
	<property name="Sound_Sight_In" value="pistol_sight_in"/>
	<property name="Sound_Sight_Out" value="pistol_sight_out"/>
	<property name="Group" value="Ammo/Weapons"/>
	<property name="LightValue" value=".45"/>
	<property name="EconomicValue" value="0"/>
	<property name="ShowQuality" value="true"/>

	<property class="Action0">
		<property name="Class" value="Ranged"/>
		<property name="Magazine_items" value="ammo9mmBulletGuard"/>
		<property name="Infinite_ammo" value="true"/>
		<property name="Sound_start" value="Pistol_Fire"/>
		<property name="Sound_loop" value="Pistol_Fire"/>
		<property name="Sound_end" value=""/>
		<property name="Sound_empty" value="dryfire"/>
		<property name="Sound_reload" value="pistol_reload"/>
		<property name="Particles_muzzle_fire" value="gunfire_pistol"/>
		<property name="Particles_muzzle_fire_fpv" value="gunfire_pistol_fpv"/>
		<requirement name="CVarCompare" cvar="_underwater" operation="LT" value=".98"/>
	</property>

	<effect_group name="GuardTurretPistol">
		<passive_effect name="MaxRange" operation="base_set" value="70" tags="9mmGun"/>
		<passive_effect name="DamageFalloffRange" operation="base_set" value="70" tags="9mmGun"/>		
		<passive_effect name="RoundsPerMinute" operation="base_set" value="40"/>
		<passive_effect name="BurstRoundCount" operation="base_set" value="1"/>
		<passive_effect name="MagazineSize" operation="base_set" value="1"/>
		<passive_effect name="DegradationMax" operation="base_set" value="120,250" tier="1,6"/>
		<passive_effect name="DegradationPerUse" operation="base_set" value="0"/>
	</effect_group>
</item>

<item name="ammo9mmBulletGuard">
    <property name="CreativeMode" value="None"/>
	<property name="Tags" value="ammo"/>
	<property name="DisplayType" value="ammoBullet"/>
	<property name="Candrop" value="false"/>
	<property name="HoldType" value="45"/>
	<property name="Meshfile" value="#Other/Items?Misc/sackPrefab.prefab"/>
	<property name="DropMeshfile" value="#Other/Items?Misc/sack_droppedPrefab.prefab"/>
	<property name="Material" value="Mbrass"/>
	<property name="MeltTimePerUnit" value=".4"/>
	<property name="Stacknumber" value="30"/>
	<property name="EconomicValue" value="9"/>
	<property name="Group" value="Ammo/Weapons"/>
	<effect_group name="ammo9mmBulletGuard" tiered="false">
		<passive_effect name="EntityDamage" operation="base_set" value="32" tags="9mmGun"/>
		<passive_effect name="BlockDamage" operation="base_set" value="7"/>
		<passive_effect name="DamageModifier" operation="perc_add" value="-.8" tags="earth"/>
		<passive_effect name="DamageModifier" operation="perc_add" value="2" tags="wood"/>
	</effect_group>
</item>

<item name="TurretGuardAutoShotgun">
	<property name="CreativeMode" value="None"/>
	<property name="Tags" value="weapon,ranged,9mmGun"/>
	<!--property name="TintColor" value="252,215,5"/-->
	<property name="DisplayType" value="rangedGun"/>
	<property name="Candrop" value="false"/>
	<property name="HoldType" value="56"/>
	<property name="Meshfile" value="#Other/Items?Weapons/Ranged/DoubleBarrelShotgun/doubleBarrelShotgunPrefab.prefab"/>
	<!--property name="Meshfile" value="#Other/Items?Weapons/Ranged/Auto Shotgun/autoShotgunPrefab.prefab"/-->
	<property name="Material" value="MShotgunParts"/> <property name="Weight" value="6"/>
	<property name="DegradationBreaksAfter" value="false"/>
	<property name="SoundJammed" value="weapon_jam"/>
	<property name="Group" value="Ammo/Weapons"/>
	<property name="LightValue" value=".45"/>
	<property name="EconomicValue" value="15"/>
	<property name="ShowQuality" value="true"/>

	<property class="Action0">
		<property name="Class" value="Ranged"/>
		<property name="Delay" value=".8"/>
		<property name="Infinite_ammo" value="true"/>
		<property name="Magazine_items" value="ammoTurretGuardShell"/>
		<property name="Reload_time" value="2.6"/>
		<property name="Sound_start" value="autoshotgun_fire"/>
		<property name="Sound_loop" value="autoshotgun_fire"/>
		<property name="Sound_repeat" value=""/>
		<property name="Sound_end" value=""/>
		<property name="Sound_empty" value="dryfire"/>
		<property name="Particles_muzzle_fire" value="gunfire_autoshotgun"/>
		<property name="Particles_muzzle_fire_fpv" value="gunfire_autoshotgun_fpv"/>
	</property>

	<effect_group name="TurretGuardAutoShotgun">
		<passive_effect name="MaxRange" operation="base_set" value="70" tags="9mmGun"/>
		<passive_effect name="DamageFalloffRange" operation="base_set" value="60" tags="9mmGun"/>		
		<passive_effect name="RoundsPerMinute" operation="base_set" value="40"/>
		<passive_effect name="BurstRoundCount" operation="base_set" value="3"/>
		<passive_effect name="MagazineSize" operation="base_set" value="3"/>
		 <triggered_effect trigger="onSelfDamagedOther" action="AddBuff" target="other" buff="buffBurningElement">
					<requirement name="RandomRoll" seed_type="Random" min_max="0,100" operation="LTE" value="10" />
				</triggered_effect>
		<passive_effect name="DegradationMax" operation="base_set" value="120,250" tier="1,6"/>
		<passive_effect name="DegradationPerUse" operation="base_set" value="0"/>
	</effect_group>
</item>

<item name="ammoTurretGuardShell">
    <property name="CreativeMode" value="None"/>
	<property name="Tags" value="ammo,shotgun"/>
	<property name="DisplayType" value="ammoShotgun"/>
	<property name="Candrop" value="false"/>
	<property name="HoldType" value="45"/>
	<property name="Meshfile" value="#Other/Items?Misc/sackPrefab.prefab"/>
	<property name="DropMeshfile" value="#Other/Items?Misc/sack_droppedPrefab.prefab"/>
	<property name="Material" value="Mlead_scrap"/>
	<property name="Stacknumber" value="15"/>
	<property name="EconomicValue" value="11"/>
	<property name="Group" value="Ammo/Weapons"/>
	<effect_group name="ammoTurretGuardShell" tiered="false">
		<passive_effect name="EntityDamage" operation="base_set" value="20" tags="9mmGun"/>
		<passive_effect name="BlockDamage" operation="base_set" value="7"/>
		<passive_effect name="DamageModifier" operation="perc_add" value="-.8" tags="earth"/>
		<passive_effect name="DamageModifier" operation="perc_add" value="2" tags="wood"/>
	</effect_group>
</item>

<item name="TurretGuardMGT1AK47">
    <property name="CreativeMode" value="None"/>
	<property name="Tags" value="weapon,ranged,9mmGun"/>
	<property name="DisplayType" value="rangedGun"/>
	<!--property name="TintColor" value="252,215,5"/-->
	<property name="Candrop" value="false"/>
	<property name="HoldType" value="60"/>
	<property name="Meshfile" value="#@modfolder(1-WildWestMod):Resources/m60MiniGun.unity3d?BradM60MiniGun"/>
	<!--property name="Meshfile" value="#Other/Items?Weapons/Ranged/ak47/ak47Prefab.prefab"/-->
	<property name="Material" value="MMachineGunParts"/> <property name="Weight" value="4"/>

	<property name="SoundJammed" value="weapon_jam"/>
	<property name="Sound_Sight_In" value="rifle_sight_in"/>
	<property name="Sound_Sight_Out" value="rifle_sight_out"/>
	<property name="EconomicValue" value="50"/>
	<property name="ShowQuality" value="true"/>
	<property name="Group" value="Ammo/Weapons"/>

	<property class="Action0">
		<property name="Class" value="Ranged"/>
		<property name="Magazine_items" value="ammo762mmBulletGuard"/>
		<property name="Infinite_ammo" value="true"/>
		<property name="Sound_start" value="ak47_fire"/>
		<property name="Sound_loop" value="ak47_fire"/>
		<property name="Sound_empty" value="dryfire"/>
		<property name="Sound_reload" value="ak47_reload"/>
		<property name="Sound_end" value="ak47_fire_end"/>
		<property name="Particles_muzzle_fire" value="gunfire_AK47"/>
		<property name="Particles_muzzle_fire_fpv" value="gunfire_AK47_fpv"/>
	</property>
	<effect_group name="TurretGuardMGT1AK47">
		<passive_effect name="MaxRange" operation="base_set" value="100" tags="9mmGun"/>
		<passive_effect name="DamageFalloffRange" operation="base_set" value="90" tags="9mmGun"/>		
		<passive_effect name="RoundsPerMinute" operation="base_set" value="70"/>
		<passive_effect name="BurstRoundCount" operation="base_set" value="1"/>
		<passive_effect name="MagazineSize" operation="base_set" value="1"/>
		<passive_effect name="DegradationMax" operation="base_set" value="120,250" tier="1,6"/>
		<passive_effect name="DegradationPerUse" operation="base_set" value="0"/>
	</effect_group>
</item>

<item name="ammo762mmBulletGuard">
	 <property name="CreativeMode" value="None"/>
	<property name="Tags" value="ammo,9mmGun"/>
	<property name="DisplayType" value="ammoBullet"/>
	<property name="Candrop" value="false"/>
	<property name="HoldType" value="45"/>
	<property name="Meshfile" value="#Other/Items?Misc/sackPrefab.prefab"/>
	<property name="DropMeshfile" value="#Other/Items?Misc/sack_droppedPrefab.prefab"/>
	<property name="Material" value="Mbrass"/>
	<property name="MeltTimePerUnit" value=".4"/>
	<property name="Stacknumber" value="30"/>
	<property name="EconomicValue" value="9"/>
	<property name="Group" value="Ammo/Weapons"/>
	<effect_group name="ammo762mmBulletGuard" tiered="false">
		<passive_effect name="EntityDamage" operation="base_set" value="32" tags="9mmGun"/>
		<passive_effect name="BlockDamage" operation="base_set" value="7"/>
		<passive_effect name="DamageModifier" operation="perc_add" value="-.8" tags="earth"/>
		<passive_effect name="DamageModifier" operation="perc_add" value="2" tags="wood"/>
	</effect_group>
</item>

 <item name="GuardCrossBow">
   <property name="CreativeMode" value="None"/>
	<property name="Tags" value="weapon,ranged,9mmGun,crossbow"/>
	<property name="DisplayType" value="rangedBow"/>
	<property name="HoldType" value="26"/>
	<!--property name="TintColor" value="252,215,5"/-->
	<property name="Candrop" value="false"/>
	<property name="Meshfile" value="#Other/Items?Weapons/Ranged/IronCrossbow/IronCrossbowPrefab.prefab"/>
	<!--property name="Meshfile" value="#Other/Items?Weapons/Ranged/Bows/AdvancedBow/AdvancedCompoundCrossbow/AdvancedCompoundCrossbowPrefab.prefab"/-->
	<property name="Material" value="MBowCrossbowParts"/> <property name="Weight" value="6"/>
	<property name="SoundJammed" value="ItemNeedsRepair"/>
	<property name="SoundDestroy" value="wooddestroy1"/>
	<property name="CrosshairOnAim" value="true"/>
	<property name="CrosshairUpAfterShot" value="true"/>
	<property name="Sound_Sight_In" value="crossbow_sight_in"/>
	<property name="Sound_Sight_Out" value="crossbow_sight_out"/>
	<property name="SoundUnholster" value="crossbow2_unholster"/>
	<property name="SoundHolster" value="crossbow2_holster"/>
	<property name="Group" value="Ammo/Weapons"/>
	<property name="ShowQuality" value="true"/>
	<property class="Action0">
		<property name="Class" value="Ranged"/>
		<property name="Magazine_items" value="ammo762mmBulletGuard"/>
		<property name="Infinite_ammo" value="true"/>
		<property name="Sound_start" value="crossbow2_fire"/>
		<property name="Sound_repeat" value=""/>
		<property name="Sound_end" value=""/>
		<property name="Sound_empty" value="dryfire"/>
		<property name="Sound_reload" value="crossbow2_reload"/>
	</property>
	<effect_group name="GuardCrossBow">
		<passive_effect name="MaxRange" operation="base_set" value="100" tags="9mmGun"/>
		<passive_effect name="DamageFalloffRange" operation="base_set" value="90" tags="9mmGun"/>		
		<passive_effect name="RoundsPerMinute" operation="base_set" value="50"/>
		<passive_effect name="BurstRoundCount" operation="base_set" value="1"/>
		<passive_effect name="MagazineSize" operation="base_set" value="1"/>
		<passive_effect name="DegradationMax" operation="base_set" value="120,250" tier="1,6"/>
		<passive_effect name="DegradationPerUse" operation="base_set" value="0"/>
	</effect_group>
</item>

<item name="TurretGuardMGT3M60">
    <property name="CreativeMode" value="None"/>
	<property name="Tags" value="weapon,9mmGun,ranged,gun"/>
	<property name="DisplayType" value="rangedGun"/>
	<property name="HoldType" value="60"/>
	<property name="Meshfile" value="#@modfolder(1-WildWestMod):Resources/m60MiniGun.unity3d?BradM60MiniGun"/>
	<!--property name="Meshfile" value="#Other/Items?Weapons/Ranged/m60/m60Prefab.prefab"/-->
	<property name="Material" value="MMachineGunParts"/> <property name="Weight" value="6"/>
	<!--property name="TintColor" value="252,215,5"/-->
	<property name="Candrop" value="false"/>

	<property name="SoundJammed" value="weapon_jam"/>
	<property name="Sound_Sight_In" value="rifle_sight_in"/>
	<property name="Sound_Sight_Out" value="rifle_sight_out"/>

	<property name="EconomicValue" value="50"/>
	<property name="ShowQuality" value="true"/>
	<property name="Group" value="Ammo/Weapons"/>

	<property class="Action0">
		<property name="Class" value="Ranged"/>
		<property name="Delay" value=".150"/>
		<property name="Magazine_items" value="ammo762mmBulletGuard"/>
		<property name="Infinite_ammo" value="true"/>
		<property name="Sound_start" value="m60_fire"/>
		<property name="Sound_loop" value="m60_fire"/>
		<property name="Sound_empty" value="dryfire"/>
		<property name="Sound_reload" value="m60_reload"/>
		<property name="Sound_end" value="m60_fire_end"/>
		<property name="Particles_muzzle_fire" value="gunfire_m60"/>
		<property name="Particles_muzzle_smoke" value="gunfire_smoke"/>
		<property name="Particles_muzzle_fire_fpv" value="gunfire_m60_fpv"/>
		<property name="Particles_muzzle_smoke_fpv" value="gunfire_smoke_fpv"/>
	</property>

	<effect_group name="TurretGuardMGT3M60">
	<passive_effect name="MaxRange" operation="base_set" value="100" tags="9mmGun"/>
		<passive_effect name="DamageFalloffRange" operation="base_set" value="100" tags="9mmGun"/>
		<passive_effect name="RoundsPerMinute" operation="base_set" value="70"/>
		<passive_effect name="MagazineSize" operation="base_set" value="60"/>
		<passive_effect name="ReloadSpeedMultiplier" operation="base_set" value="1"/>

		<passive_effect name="WeaponHandling" operation="base_set" value=".83"/> 

		<passive_effect name="DegradationMax" operation="base_set" value="300,650" tier="1,6"/>
		<passive_effect name="DegradationPerUse" operation="base_set" value="0"/>

	</effect_group>
</item>

<item name="TurretGuardTacticalAR">
  <property name="CreativeMode" value="None"/>
	<property name="Tags" value="weapon,9mmGun,ranged,gun"/>
	<property name="DisplayType" value="rangedGun"/>
	<property name="HoldType" value="85"/>
	<property name="Meshfile" value="#@modfolder(1-WildWestMod):Resources/VintageRifle.unity3d?VintageRifle"/>
	<!--property name="Meshfile" value="#Other/Items?Weapons/Ranged/Tactical Assault Rifle/tacticalAssaultRiflePrefab.prefab"/-->
	<property name="Material" value="MMachineGunParts"/> <property name="Weight" value="4"/>
	<!--property name="TintColor" value="252,215,5"/-->
	<property name="Candrop" value="false"/>

	<property name="RepairTools" value="resourceRepairKit"/>
	<property name="DegradationBreaksAfter" value="false"/>

	<property name="SoundJammed" value="weapon_jam"/>
	<property name="EconomicValue" value="10"/>
	<property name="ShowQuality" value="true"/>
	<property name="Group" value="Ammo/Weapons"/>

	<property class="Action0">
		<property name="Class" value="Ranged"/>
		<property name="Magazine_items" value="ammo762mmBulletGuard"/>
		<property name="Infinite_ammo" value="true"/>
		<property name="Sound_start" value="tacticalar_fire"/>
		<property name="Sound_loop" value="tacticalar_fire"/>
		<property name="Sound_empty" value="dryfire"/>
		<property name="Particles_muzzle_fire" value="gunfire_assault_rifle"/>
		<property name="Particles_muzzle_fire_fpv" value="gunfire_assault_rifle_fpv"/>
		<requirement name="CVarCompare" cvar="_underwater" operation="LT" value=".98"/>
	</property>

	<effect_group name="TurretGuardTacticalAR">
		<passive_effect name="MaxRange" operation="base_set" value="100" tags="9mmGun"/>
		<passive_effect name="DamageFalloffRange" operation="base_set" value="100" tags="9mmGun"/>
		<passive_effect name="RoundsPerMinute" operation="base_set" value="70"/>
		<passive_effect name="MagazineSize" operation="base_set" value="60"/>
		<passive_effect name="ReloadSpeedMultiplier" operation="base_set" value="1"/>

		<passive_effect name="WeaponHandling" operation="base_set" value=".83"/> 

		<passive_effect name="DegradationMax" operation="base_set" value="300,650" tier="1,6"/>
		<passive_effect name="DegradationPerUse" operation="base_set" value="0"/>
	</effect_group>
</item>

<item name="TurretGuardSniperRifle">
    <property name="CreativeMode" value="None"/>
	<property name="Tags" value="weapon,9mmGun,ranged,gun"/>
	<property name="DisplayType" value="rangedGun"/>
	<property name="HoldType" value="85"/>
	<property name="Meshfile" value="#@modfolder(1-WildWestMod):Resources/VintageRifle.unity3d?VintageRifle"/>
	<!--property name="Meshfile" value="#Other/Items?Weapons/Ranged/Sharp Shooter/sharpShooterGunPrefab.prefab"/-->
	<property name="Material" value="MRifleParts"/> <property name="Weight" value="6"/>
	<property name="SoundJammed" value="weapon_jam"/>
	<property name="Group" value="Ammo/Weapons"/>
	<!--property name="TintColor" value="252,215,5"/-->
	<property name="Candrop" value="false"/>
	<property name="EconomicValue" value="15"/>
	<property name="ShowQuality" value="true"/>

	<property class="Action0">
		<property name="Class" value="Ranged"/>
		<property name="Delay" value=".5"/>
		<property name="Magazine_items" value="ammo762mmBulletGuard"/>
		<property name="Infinite_ammo" value="true"/>
		<property name="Reload_time" value="2.5"/>
		<property name="Sound_start" value="sharpshooter_fire"/>
		<property name="Sound_loop" value="sharpshooter_fire"/>
		<property name="Sound_repeat" value=""/>
		<property name="Sound_end" value=""/>
		<property name="Sound_empty" value="dryfire"/>
		<property name="Particles_muzzle_fire" value="gunfire_sniper"/>
		<property name="Particles_muzzle_fire_fpv" value="gunfire_sniper_fpv"/>
		<requirement name="CVarCompare" cvar="_underwater" operation="LT" value=".98"/>
	</property>

	<effect_group name="TurretGuardSniperRifle">
		<passive_effect name="MaxRange" operation="base_set" value="100" tags="9mmGun"/>
		<passive_effect name="DamageFalloffRange" operation="base_set" value="100" tags="9mmGun"/>
		<passive_effect name="RoundsPerMinute" operation="base_set" value="70"/>
		<passive_effect name="MagazineSize" operation="base_set" value="60"/>
		<passive_effect name="ReloadSpeedMultiplier" operation="base_set" value="1"/>
		<passive_effect name="SpreadDegreesVertical" operation="base_set" value="6"/>
		<passive_effect name="SpreadDegreesHorizontal" operation="base_set" value="6"/>

		<passive_effect name="WeaponHandling" operation="base_set" value=".83"/> 
       <triggered_effect trigger="onSelfDamagedOther" action="AddBuff" target="other" buff="buffShocked">
					<requirement name="RandomRoll" seed_type="Random" min_max="0,100" operation="LTE" value="10" />
				</triggered_effect>
		<passive_effect name="DegradationMax" operation="base_set" value="300,650" tier="1,6"/>
		<passive_effect name="DegradationPerUse" operation="base_set" value="0"/>
	</effect_group>
</item>

<item name="TurretGuardCompoundBow">
 <property name="CreativeMode" value="None"/>
	<property name="Tags" value="weapon,ranged,9mmGun,TurretGuardCompoundBow"/>
	<property name="DisplayType" value="rangedBow"/>
	<property name="HoldType" value="68"/>
	<property name="Meshfile" value="#Other/Items?Weapons/Ranged/Bows/AdvancedBow/AdvancedWoodenBow/AdvancedWoodenBowPrefab.prefab"/>
	<!--property name="Meshfile" value="#Other/Items?Weapons/Ranged/Bows/CompoundBow/CompoundBowPrefab.prefab"/-->
	<property name="Material" value="MBowCrossbowParts"/> <property name="Weight" value="6"/>
	<property name="DegradationBreaksAfter" value="false"/>
	<property name="SoundJammed" value="ItemNeedsRepair"/>
	<property name="SoundDestroy" value="wooddestroy1"/>
	<!--property name="TintColor" value="252,215,5"/-->
	<property name="Candrop" value="false"/>
	<property name="EconomicValue" value="1"/>
	<property name="Group" value="Ammo/Weapons"/>
	<property name="ShowQuality" value="true"/>
	<property class="Action0">
		<property name="Class" value="Ranged"/>
		<property name="Magazine_items" value="ammo762mmBulletGuard"/>
		<property name="Infinite_ammo" value="true"/>
		<property name="Sound_start" value="bow3_fire"/>
		<property name="Sound_repeat" value=""/>
		<property name="Sound_end" value=""/>
		<property name="Sound_empty" value="dryfire"/>
		<property name="Sound_reload" value="bow_unquiver"/>
		<property name="Sound_draw" value="bow3_draw"/>
		<property name="Sound_cancel" value="bow_fire_cancel"/>
		<property name="Particles_muzzle_fire" value="nozzleflashuzi"/>
		<property name="Particles_muzzle_smoke" value="nozzlesmokeuzi"/>
	</property>

	<effect_group name="TurretGuardCompoundBow">
		<passive_effect name="MaxRange" operation="base_set" value="100" tags="9mmGun"/>
		<passive_effect name="DamageFalloffRange" operation="base_set" value="90" tags="9mmGun"/>		
		<passive_effect name="RoundsPerMinute" operation="base_set" value="40"/>
		<passive_effect name="BurstRoundCount" operation="base_set" value="1"/>
		<passive_effect name="MagazineSize" operation="base_set" value="1"/>
		<passive_effect name="DegradationMax" operation="base_set" value="120,250" tier="1,6"/>
		<passive_effect name="DegradationPerUse" operation="base_set" value="0"/>
	</effect_group>	
</item>

		<item name="GuardLeverActionRifle">
	<property name="Tags" value="weapon,ranged,9mmGun,GuardLeverActionRifle"/>
	<!--property name="TintColor" value="252,215,5"/-->
	<property name="Candrop" value="false"/>
	<property name="DisplayType" value="rangedGun"/>
	<property name="HoldType" value="85"/>
	<property name="Meshfile" value="#@modfolder(1-WildWestMod):Resources/VintageRifle.unity3d?VintageRifle"/>
	<!--property name="Meshfile" value="#Other/Items?Weapons/Ranged/LeverActionRifle/leverActionRiflePrefab.prefab"/-->
	<property name="Material" value="MRifleParts"/> <property name="Weight" value="5"/>
	<property name="RepairTools" value="resourceRepairKit"/>
	<property name="DegradationBreaksAfter" value="false"/>
	<property name="SoundJammed" value="weapon_jam"/>
	<property name="Attachments" value="meleeToolFlashlight02"/>
	<property name="CrosshairOnAim" value="true"/> <!-- aimTest -->
	<property name="CrosshairUpAfterShot" value="true"/> <!-- aimTest -->
	<property name="Sound_Sight_In" value="rifle_sight_in"/>
	<property name="Sound_Sight_Out" value="rifle_sight_out"/>
	<property name="LightSource" value="lightSource"/> <!-- Start: Needed for the attachment flashlight -->
	<property name="ActivateObject" value="Attachments/flashlight/lightSource"/>
	<property name="AttachmentFlashlight" value="meleeToolFlashlight02"/> <!-- End: Needed for the attachment flashlight -->
	<property name="Group" value="Ammo/Weapons,Ranged Weapons"/>
	<property name="RepairExpMultiplier" value="10.8"/>
	<property name="LightValue" value=".45"/>
	<property name="EconomicValue" value="1000"/>
	<property name="UnlockedBy" value="gunRifleT2LeverActionRifleSchematic"/>
	<property name="ShowQuality" value="true"/>

	<property class="Action0">
		<property name="Class" value="Ranged"/>
		<property name="Delay" value=".5"/> <!-- obsolete if rounds per minute exists -->
		<property name="Magazine_items" value="ammo762mmBulletGuard"/>
		<property name="Infinite_ammo" value="true"/>
		<property name="Sound_start" value="lever_action_rifle_fire"/>
		<property name="Sound_loop" value=""/>
		<property name="Sound_repeat" value=""/>
		<property name="Sound_end" value=""/>
		<property name="Sound_empty" value="dryfire"/>
		<property name="Sound_reload" value=""/>
		<property name="AutoReload" value="false"/>
		<property name="Particles_muzzle_fire" value="gunfire_pistol"/>
		<property name="Particles_muzzle_fire_fpv" value="gunfire_magnum_fpv"/>
		<requirement name="CVarCompare" cvar="_underwater" operation="LT" value=".98"/>
	</property>

	<effect_group name="GuardLeverActionRifle">
		<passive_effect name="MaxRange" operation="base_set" value="100" tags="9mmGun"/>
		<passive_effect name="DamageFalloffRange" operation="base_set" value="100" tags="9mmGun"/>
		<passive_effect name="RoundsPerMinute" operation="base_set" value="70"/>
		<passive_effect name="MagazineSize" operation="base_set" value="60"/>
		<passive_effect name="ReloadSpeedMultiplier" operation="base_set" value="1"/>
		<passive_effect name="SpreadDegreesVertical" operation="base_set" value="6"/>
		<passive_effect name="SpreadDegreesHorizontal" operation="base_set" value="6"/>

		<passive_effect name="WeaponHandling" operation="base_set" value=".83"/> 
       <triggered_effect trigger="onSelfDamagedOther" action="AddBuff" target="other" buff="buffShocked">
					<requirement name="RandomRoll" seed_type="Random" min_max="0,100" operation="LTE" value="10" />
				</triggered_effect>
		<passive_effect name="DegradationMax" operation="base_set" value="300,650" tier="1,6"/>
		<passive_effect name="DegradationPerUse" operation="base_set" value="0"/>
	</effect_group>
</item>

<item name="GuardPipeRifle">
	<property name="Tags" value="weapon,ranged,9mmGun,GuardPipeRifle"/>
	<!--property name="TintColor" value="252,215,5"/-->
	<property name="Candrop" value="false"/>
	<property name="DisplayType" value="rangedGunNoMag"/>
	<property name="HoldType" value="82"/>
	<property name="Meshfile" value="#Other/Items?Weapons/Ranged/PipeRifle/PipeRiflePrefab.prefab"/>
	<property name="Material" value="Mmetal"/>
	<property name="RepairTools" value="resourceMetalPipe"/>
	<property name="DegradationBreaksAfter" value="false"/>
	<property name="SoundJammed" value="ItemNeedsRepair"/>
	<property name="Attachments" value="meleeToolFlashlight02"/>
	<property name="CrosshairOnAim" value="true"/> <!-- aimTest -->
	<property name="CrosshairUpAfterShot" value="true"/> <!-- aimTest -->
	<property name="Sound_Sight_In" value="rifle_sight_in"/>
	<property name="Sound_Sight_Out" value="rifle_sight_out"/>
	<property name="LightSource" value="lightSource"/> <!-- Start: Needed for the attachment flashlight -->
	<property name="ActivateObject" value="Attachments/flashlight/lightSource"/>
	<property name="AttachmentFlashlight" value="meleeToolFlashlight02"/> <!-- End: Needed for the attachment flashlight -->
	<property name="Group" value="Ammo/Weapons,Ranged Weapons"/>
	<property name="RepairExpMultiplier" value="10.8"/>
	<property name="LightValue" value=".45"/>
	<property name="EconomicValue" value="100"/>
	<property name="ShowQuality" value="true"/>

	<property class="Action0">
		<property name="Class" value="Ranged"/>
		<property name="Delay" value=".5"/> <!-- obsolete if rounds per minute exists -->
		<property name="Magazine_items" value="ammo762mmBulletGuard"/>
		<property name="Infinite_ammo" value="true"/>
		<property name="Sound_start" value="pipe_rifle_fire"/>
		<property name="Sound_repeat" value=""/>
		<property name="Sound_end" value=""/>
		<property name="Sound_empty" value="dryfire"/>
		<property name="Sound_reload" value="hunting_rifle_reload"/>
		<property name="AutoReload" value="false"/>
		<property name="Particles_muzzle_fire" value="gunfire_magnum"/>
		<property name="Particles_muzzle_fire_fpv" value="gunfire_magnum_fpv"/>
		<property name="ScopeOffset" value="-.00062,.1115,.125"/>
		<property name="SideOffset" value="0,0,0"/>
		<property name="BarrelOffset" value="0,0,0"/>
		<requirement name="CVarCompare" cvar="_underwater" operation="LT" value=".98"/>
	</property>
	
	<effect_group name="GuardPipeRifle">
		<passive_effect name="MaxRange" operation="base_set" value="100" tags="9mmGun"/>
		<passive_effect name="DamageFalloffRange" operation="base_set" value="100" tags="9mmGun"/>
		<passive_effect name="RoundsPerMinute" operation="base_set" value="70"/>
		<passive_effect name="MagazineSize" operation="base_set" value="60"/>
		<passive_effect name="ReloadSpeedMultiplier" operation="base_set" value="1"/>
		<passive_effect name="SpreadDegreesVertical" operation="base_set" value="6"/>
		<passive_effect name="SpreadDegreesHorizontal" operation="base_set" value="6"/>

		<passive_effect name="WeaponHandling" operation="base_set" value=".83"/> 
       <triggered_effect trigger="onSelfDamagedOther" action="AddBuff" target="other" buff="buffShocked">
					<requirement name="RandomRoll" seed_type="Random" min_max="0,100" operation="LTE" value="10" />
				</triggered_effect>
		<passive_effect name="DegradationMax" operation="base_set" value="300,650" tier="1,6"/>
		<passive_effect name="DegradationPerUse" operation="base_set" value="0"/>
	</effect_group>
</item>

<item name="GuardMachineGun">
	<property name="Tags" value="weapon,ranged,9mmGun,GuardMachineGun"/>
	<!--property name="TintColor" value="252,215,5"/-->
	<property name="Candrop" value="false"/>
	<property name="DisplayType" value="rangedGun"/>
	<property name="HoldType" value="60"/>
	<property name="Meshfile" value="#@modfolder(1-WildWestMod):Resources/m60MiniGun.unity3d?BradM60MiniGun"/>
	<!--property name="Meshfile" value="#Other/Items?Weapons/Ranged/PipeMachineGun/PipeMachineGunPrefab.prefab"/-->

	<property name="CrosshairOnAim" value="true"/> <!-- aimTest -->
	<property name="CrosshairUpAfterShot" value="true"/> <!-- aimTest -->

	<property name="Material" value="Mmetal"/>
	<property name="RepairTools" value="resourceMetalPipe"/>
	<property name="DegradationBreaksAfter" value="false"/>

	<property name="SoundJammed" value="weapon_jam"/>
	<property name="Sound_Sight_In" value="rifle_sight_in"/>
	<property name="Sound_Sight_Out" value="rifle_sight_out"/>

	<property name="RepairExpMultiplier" value="10.8"/>
	<property name="EconomicValue" value="100"/>
	<property name="ShowQuality" value="true"/>
	<property name="Group" value="Ammo/Weapons,Ranged Weapons"/>

	<property class="Action0">
		<property name="Class" value="Ranged"/>
		<property name="Delay" value=".150"/> <!-- obsolete if rounds per minute exists -->
		<property name="Magazine_items" value="ammo762mmBulletGuard"/>
		<property name="Infinite_ammo" value="true"/>
		<property name="Sound_start" value="pipe_smg_fire"/>
		<property name="Sound_loop" value="pipe_smg_fire"/>
		<property name="Sound_empty" value="dryfire"/>
		<property name="Sound_reload" value="ak47_reload"/>
		<property name="Sound_end" value="ak47_fire_end"/>
		<property name="AutoReload" value="false"/>
		<property name="Particles_muzzle_fire" value="gunfire_AK47"/>
		<property name="Particles_muzzle_fire_fpv" value="gunfire_AK47_fpv"/>
		<requirement name="CVarCompare" cvar="_underwater" operation="LT" value=".98"/>
	</property>

	<effect_group name="GuardMachineGun">
		<passive_effect name="MaxRange" operation="base_set" value="100" tags="9mmGun"/>
		<passive_effect name="DamageFalloffRange" operation="base_set" value="100" tags="9mmGun"/>
		<passive_effect name="RoundsPerMinute" operation="base_set" value="70"/>
		<passive_effect name="MagazineSize" operation="base_set" value="60"/>
		<passive_effect name="ReloadSpeedMultiplier" operation="base_set" value="1"/>
		<passive_effect name="SpreadDegreesVertical" operation="base_set" value="6"/>
		<passive_effect name="SpreadDegreesHorizontal" operation="base_set" value="6"/>

		<passive_effect name="WeaponHandling" operation="base_set" value=".83"/> 
       <triggered_effect trigger="onSelfDamagedOther" action="AddBuff" target="other" buff="buffShocked">
					<requirement name="RandomRoll" seed_type="Random" min_max="0,100" operation="LTE" value="10" />
				</triggered_effect>
		<passive_effect name="DegradationMax" operation="base_set" value="300,650" tier="1,6"/>
		<passive_effect name="DegradationPerUse" operation="base_set" value="0"/>
	</effect_group>
</item>

		<item name="GuardSniperRifle">
	<property name="Tags" value="weapon,ranged,9mmGun,GuardSniperRifle"/>
	<!--property name="TintColor" value="50,50,50"/-->
	<property name="Candrop" value="false"/>
	<property name="DisplayType" value="rangedGun"/>
	<property name="HoldType" value="85"/>
	<property name="Meshfile" value="#@modfolder(1-WildWestMod):Resources/Winchester1873Prefab.unity3d?Winchester1873Prefab"/>
	<!--property name="Meshfile" value="#Other/Items?Weapons/Ranged/Sharp Shooter/sharpShooterGunPrefab.prefab"/-->
	<property name="Material" value="MRifleParts"/> <property name="Weight" value="6"/>
	<property name="RepairTools" value="resourceRepairKit"/>
	<property name="DegradationBreaksAfter" value="false"/>
	<property name="SoundJammed" value="weapon_jam"/>
	<property name="Attachments" value="meleeToolFlashlight02"/>
	<property name="CrosshairOnAim" value="true"/> <!-- aimTest -->
	<property name="CrosshairUpAfterShot" value="true"/> <!-- aimTest -->
	<property name="Sound_Sight_In" value="rifle_sight_in"/>
	<property name="Sound_Sight_Out" value="rifle_sight_out"/>
	<property name="LightSource" value="lightSource"/> <!-- Start: Needed for the attachment flashlight -->
	<property name="ActivateObject" value="Attachments/flashlight/lightSource"/>
	<property name="AttachmentFlashlight" value="meleeToolFlashlight02"/> <!-- End: Needed for the attachment flashlight -->
	<property name="Group" value="Ammo/Weapons,Ranged Weapons"/>
	<property name="RepairExpMultiplier" value="10.8"/>
	<property name="LightValue" value=".45"/>
	<property name="EconomicValue" value="1500"/>
	<property name="UnlockedBy" value="gunRifleT3SniperRifleSchematic"/>
	<property name="ShowQuality" value="true"/>

	<property class="Action0">
		<property name="Class" value="Ranged"/>
		<property name="Delay" value=".5"/> <!-- obsolete if rounds per minute exists -->
		<property name="Magazine_items" value="ammo762mmBulletGuard"/>
		<property name="Infinite_ammo" value="true"/>
		<property name="Sound_start" value="sharpshooter_fire"/>
		<property name="Sound_loop" value="sharpshooter_fire"/>
		<property name="Sound_repeat" value=""/>
		<property name="Sound_end" value=""/>
		<property name="Sound_empty" value="dryfire"/>
		<property name="Sound_reload" value=""/>
		<property name="AutoReload" value="false"/>
		<property name="Particles_muzzle_fire" value="gunfire_sniper"/>
		<property name="Particles_muzzle_fire_fpv" value="gunfire_sniper_fpv"/>
		<requirement name="CVarCompare" cvar="_underwater" operation="LT" value=".98"/>
	</property>

	<effect_group name="GuardSniperRifle">
		<passive_effect name="MaxRange" operation="base_set" value="100" tags="9mmGun"/>
		<passive_effect name="DamageFalloffRange" operation="base_set" value="100" tags="9mmGun"/>
		<passive_effect name="RoundsPerMinute" operation="base_set" value="70"/>
		<passive_effect name="MagazineSize" operation="base_set" value="60"/>
		<passive_effect name="ReloadSpeedMultiplier" operation="base_set" value="1"/>
		<passive_effect name="SpreadDegreesVertical" operation="base_set" value="6"/>
		<passive_effect name="SpreadDegreesHorizontal" operation="base_set" value="6"/>

		<passive_effect name="WeaponHandling" operation="base_set" value=".83"/> 
       <triggered_effect trigger="onSelfDamagedOther" action="AddBuff" target="other" buff="buffShocked">
					<requirement name="RandomRoll" seed_type="Random" min_max="0,100" operation="LTE" value="10" />
				</triggered_effect>
		<passive_effect name="DegradationMax" operation="base_set" value="300,650" tier="1,6"/>
		<passive_effect name="DegradationPerUse" operation="base_set" value="0"/>
	</effect_group>
</item>

	</append>
</configs>