<configs>
	
	<insertBefore xpath="/lootcontainers/lootgroup[@name='groupApparelSuit']">
	<lootgroup name="turretguards">
		<item name="TurretGuardSim1"/>
		<item name="GuardTurretDre1"/>
		<item name="GuardTurretFox1"/>
		<item name="GuardTurretLizzy1"/>
		<item name="GuardTurretBandit1"/>
		<item name="GuardTurretBanditFoxy1"/>
		<item name="TurretGuardLeader1"/>
		<item name="TurretGuardCompoundBowMan1"/>
		<item name="TurretGuardDarkstardragon1"/>
		<item name="TurretGuardJoJo1"/>
		<item name="TurretGuardLezabel1"/>
		<item name="TurretGuardOakraven1"/>
		<item name="GuardRabbit1"/>
		<item name="GuardWhiteRabbit1"/>		
	</lootgroup>
	</insertBefore>

	<append xpath="/lootcontainers/lootcontainer[@id='34']"> <!-- Supply Crate General, the normal airdrop -->
		<item group="turretguards" count="1,3" loot_prob_template="medLow"/>		
	</append>
	
</configs>
