<configs>
	<append xpath="/materials">		
		<material id="PetAnimalMaterials">
		<property name="damage_category" value="earth"/>
		<property name="surface_category" value="plant"/>
		<property name="particle_destroy_category" value="xt_leaves2"/>
		<property name="Hardness" type="float" value="1"/>
		<property name="stepsound" value="tree"/>
		<property name="lightopacity" value="5"/>
		<property name="stability_glue" value="0"/>
		<property name="Mass" type="int" value="1"/>
		<property name="plant" value="true"/>
		<property name="StabilitySupport" value="false"/>
		<property name="MaxDamage" value="1"/>
		</material>
	</append>
</configs>