<configs>

 <insertBefore xpath="/utility_ai/ai_packages/ai_package[@name='Zombie_Dumb']" >

               <!-- mode XML Nodes -->
<ai_package name="Oaks Basic"> <!-- Basic AI -->
			<action name="MoveToWaypoint" weight="1">
				<task class="MoveToTarget" run="false"/>
				
				<consideration class="TargetDistance" min="2" max="4"/>
				<consideration class="TargetVisible" flip_y="true"/>
			</action>
			
			<action name="Flee" weight="4">
				<task class="FleeFromTarget" max_distance="1"/>
				
				<consideration class="SelfHealth" flip_y="true" min="20" max="30"/>
				<consideration class="TargetDistance" flip_y="true" min="4" max="5"/>
			</action>
		</ai_package>

		<ai_package name="Oaks Melee"> <!-- Melee Attack AI -->
			<action name="MoveToEnemy" weight="2">
				<task class="MoveToTarget" run="false"/>
				
				<consideration class="TargetType" type="EntityZombie, EntityEnemyAnimal, EntityVulture"/>
				<consideration class="TargetDistance" min="3" max="4"/>
			</action>
			
			<action name="MoveToEnemyRun" weight="2">
				<task class="MoveToTarget" run="false"/>
				
				<consideration class="TargetType" type="EntityZombie,EntityZombieDog, EntityVulture"/>
				<consideration class="TargetDistance" min="3" max="10"/>
			</action>
			
			<action name="MeleeAttack" weight="3">
				<task class="AttackTargetEntity" action_index="0"/>
				
				<consideration class="TargetType" type="EntityZombie,EntityEnemyAnimal,EntityVulture"/>
				<consideration class="TargetDistance" flip_y="true" min="0" max="2"/>
			</action>
		</ai_package>
		
		<ai_package name="Oaks Ranged"> <!-- Ranged Attack AI -->
			
			<action name="RangedAttack" weight="3">
				<task class="AttackTargetEntity" action_index="0"/>

				<consideration class="TargetVisible"/>
				<consideration class="TargetType" type="EntityZombie, EntityEnemyAnimal,EntityVulture"/>
				<consideration class="TargetDistance" min="0" max="30"/>
			</action>
		</ai_package>

		
	 </insertBefore>
	
</configs>





